x,y1,y2,y3
0,1,1,1
0.000788644,1,1,1
0.00157729,1,1.00685,0.999561
0.00236593,1,1.00685,0.999561
0.00315457,1,1.00685,0.999561
0.00394322,1,1.00685,0.999561
0.00473186,1.00002,1.0137,0.999124
0.0055205,1.00002,1.0137,0.999124
0.00630915,1.00002,1.0137,0.999124
0.00709779,1.00002,1.0137,0.999124
0.00788644,1.00005,1.02055,0.998689
0.00867508,1.00005,1.02055,0.998689
0.00946372,1.00005,1.02055,0.998689
0.0102524,1.00005,1.02055,0.998689
0.011041,1.00011,1.0274,0.998256
0.0118297,1.00011,1.0274,0.998256
0.0126183,1.00011,1.0274,0.998256
0.0134069,1.00011,1.0274,0.998256
0.0141956,1.00018,1.03424,0.997825
0.0149842,1.00018,1.03424,0.997825
0.0157729,1.00018,1.03424,0.997825
0.0165615,1.00018,1.03424,0.997825
0.0173502,1.00027,1.04109,0.997397
0.0181388,1.00027,1.04109,0.997397
0.0189274,1.00027,1.04109,0.997397
0.0197161,1.00027,1.04109,0.997397
0.0205047,1.00038,1.04793,0.99697
0.0212934,1.00038,1.04793,0.99697
0.022082,1.00038,1.04793,0.99697
0.0228707,1.00038,1.04793,0.99697
0.0236593,1.0005,1.05477,0.996546
0.0244479,1.0005,1.05477,0.996546
0.0252366,1.0005,1.05477,0.996546
0.0260252,1.0005,1.05477,0.996546
0.0268139,1.00065,1.06161,0.996124
0.0276025,1.00065,1.06161,0.996124
0.0283912,1.00065,1.06161,0.996124
0.0291798,1.00065,1.06161,0.996124
0.0299685,1.00081,1.06846,0.995703
0.0307571,1.00081,1.06846,0.995703
0.0315457,1.00081,1.06846,0.995703
0.0323344,1.00081,1.06846,0.995703
0.033123,1.00098,1.0753,0.995286
0.0339117,1.00098,1.0753,0.995286
0.0347003,1.00098,1.0753,0.995286
0.035489,1.00098,1.0753,0.995286
0.0362776,1.00118,1.08214,0.99487
0.0370662,1.00118,1.08214,0.99487
0.0378549,1.00118,1.08214,0.99487
0.0386435,1.00118,1.08214,0.99487
0.0394322,1.00139,1.08898,0.994456
0.0402208,1.00139,1.08898,0.994456
0.0410095,1.00139,1.08898,0.994456
0.0417981,1.00139,1.08898,0.994456
0.0425868,1.00162,1.09581,0.994045
0.0433754,1.00162,1.09581,0.994045
0.044164,1.00162,1.09581,0.994045
0.0449527,1.00162,1.09581,0.994045
0.0457413,1.00187,1.10265,0.993635
0.04653,1.00187,1.10265,0.993635
0.0473186,1.00187,1.10265,0.993635
0.0481073,1.00187,1.10265,0.993635
0.0488959,1.00214,1.10949,0.993228
0.0496845,1.00214,1.10949,0.993228
0.0504732,1.00214,1.10949,0.993228
0.0512618,1.00214,1.10949,0.993228
0.0520505,1.00242,1.11633,0.992823
0.0528391,1.00242,1.11633,0.992823
0.0536278,1.00242,1.11633,0.992823
0.0544164,1.00242,1.11633,0.992823
0.055205,1.00272,1.12317,0.99242
0.0559937,1.00272,1.12317,0.99242
0.0567823,1.00272,1.12317,0.99242
0.057571,1.00272,1.12317,0.99242
0.0583596,1.00304,1.13001,0.99202
0.0591483,1.00304,1.13001,0.99202
0.0599369,1.00304,1.13001,0.99202
0.0607256,1.00304,1.13001,0.99202
0.0615142,1.00337,1.13686,0.991621
0.0623028,1.00337,1.13686,0.991621
0.0630915,1.00337,1.13686,0.991621
0.0638801,1.00337,1.13686,0.991621
0.0646688,1.00373,1.1437,0.991225
0.0654574,1.00373,1.1437,0.991225
0.0662461,1.00373,1.1437,0.991225
0.0670347,1.00373,1.1437,0.991225
0.0678233,1.00409,1.15054,0.990831
0.068612,1.00409,1.15054,0.990831
0.0694006,1.00409,1.15054,0.990831
0.0701893,1.00409,1.15054,0.990831
0.0709779,1.00448,1.15738,0.990439
0.0717666,1.00448,1.15738,0.990439
0.0725552,1.00448,1.15738,0.990439
0.0733438,1.00448,1.15738,0.990439
0.0741325,1.00488,1.16423,0.99005
0.0749211,1.00488,1.16423,0.99005
0.0757098,1.00488,1.16423,0.99005
0.0764984,1.00488,1.16423,0.99005
0.0772871,1.0053,1.17107,0.989662
0.0780757,1.0053,1.17107,0.989662
0.0788644,1.0053,1.17107,0.989662
0.079653,1.0053,1.17107,0.989662
0.0804416,1.00574,1.17792,0.989277
0.0812303,1.00574,1.17792,0.989277
0.0820189,1.00574,1.17792,0.989277
0.0828076,1.00574,1.17792,0.989277
0.0835962,1.00619,1.18477,0.988894
0.0843849,1.00619,1.18477,0.988894
0.0851735,1.00619,1.18477,0.988894
0.0859621,1.00619,1.18477,0.988894
0.0867508,1.00666,1.19162,0.988513
0.0875394,1.00666,1.19162,0.988513
0.0883281,1.00666,1.19162,0.988513
0.0891167,1.00666,1.19162,0.988513
0.0899054,1.00715,1.19847,0.988135
0.090694,1.00715,1.19847,0.988135
0.0914826,1.00715,1.19847,0.988135
0.0922713,1.00715,1.19847,0.988135
0.0930599,1.00766,1.20532,0.987758
0.0938486,1.00766,1.20532,0.987758
0.0946372,1.00766,1.20532,0.987758
0.0954259,1.00766,1.20532,0.987758
0.0962145,1.00818,1.21218,0.987384
0.0970032,1.00818,1.21218,0.987384
0.0977918,1.00818,1.21218,0.987384
0.0985804,1.00818,1.21218,0.987384
0.0993691,1.00871,1.21904,0.987012
0.100158,1.00871,1.21904,0.987012
0.100946,1.00871,1.21904,0.987012
0.101735,1.00871,1.21904,0.987012
0.102524,1.00927,1.2259,0.986643
0.103312,1.00927,1.2259,0.986643
0.104101,1.00927,1.2259,0.986643
0.10489,1.00927,1.2259,0.986643
0.105678,1.00984,1.23276,0.986276
0.106467,1.00984,1.23276,0.986276
0.107256,1.00984,1.23276,0.986276
0.108044,1.00984,1.23276,0.986276
0.108833,1.01043,1.23962,0.985911
0.109621,1.01043,1.23962,0.985911
0.11041,1.01043,1.23962,0.985911
0.111199,1.01043,1.23962,0.985911
0.111987,1.01103,1.24649,0.985548
0.112776,1.01103,1.24649,0.985548
0.113565,1.01103,1.24649,0.985548
0.114353,1.01103,1.24649,0.985548
0.115142,1.01165,1.25336,0.985187
0.115931,1.01165,1.25336,0.985187
0.116719,1.01165,1.25336,0.985187
0.117508,1.01165,1.25336,0.985187
0.118297,1.01229,1.26023,0.984829
0.119085,1.01229,1.26023,0.984829
0.119874,1.01229,1.26023,0.984829
0.120662,1.01229,1.26023,0.984829
0.121451,1.01294,1.2671,0.984473
0.12224,1.01294,1.2671,0.984473
0.123028,1.01294,1.2671,0.984473
0.123817,1.01294,1.2671,0.984473
0.124606,1.01361,1.27398,0.98412
0.125394,1.01361,1.27398,0.98412
0.126183,1.01361,1.27398,0.98412
0.126972,1.01361,1.27398,0.98412
0.12776,1.0143,1.28086,0.983768
0.128549,1.0143,1.28086,0.983768
0.129338,1.0143,1.28086,0.983768
0.130126,1.0143,1.28086,0.983768
0.130915,1.015,1.28774,0.983419
0.131703,1.015,1.28774,0.983419
0.132492,1.015,1.28774,0.983419
0.133281,1.015,1.28774,0.983419
0.134069,1.01572,1.29463,0.983073
0.134858,1.01572,1.29463,0.983073
0.135647,1.01572,1.29463,0.983073
0.136435,1.01572,1.29463,0.983073
0.137224,1.01645,1.30152,0.982729
0.138013,1.01645,1.30152,0.982729
0.138801,1.01645,1.30152,0.982729
0.13959,1.01645,1.30152,0.982729
0.140379,1.0172,1.30842,0.982387
0.141167,1.0172,1.30842,0.982387
0.141956,1.0172,1.30842,0.982387
0.142744,1.0172,1.30842,0.982387
0.143533,1.01797,1.31531,0.982047
0.144322,1.01797,1.31531,0.982047
0.14511,1.01797,1.31531,0.982047
0.145899,1.01797,1.31531,0.982047
0.146688,1.01876,1.32221,0.98171
0.147476,1.01876,1.32221,0.98171
0.148265,1.01876,1.32221,0.98171
0.149054,1.01876,1.32221,0.98171
0.149842,1.01956,1.32912,0.981375
0.150631,1.01956,1.32912,0.981375
0.15142,1.01956,1.32912,0.981375
0.152208,1.01956,1.32912,0.981375
0.152997,1.02037,1.33603,0.981042
0.153785,1.02037,1.33603,0.981042
0.154574,1.02037,1.33603,0.981042
0.155363,1.02037,1.33603,0.981042
0.156151,1.0212,1.34294,0.980712
0.15694,1.0212,1.34294,0.980712
0.157729,1.0212,1.34294,0.980712
0.158517,1.0212,1.34294,0.980712
0.159306,1.02205,1.34986,0.980384
0.160095,1.02205,1.34986,0.980384
0.160883,1.02205,1.34986,0.980384
0.161672,1.02205,1.34986,0.980384
0.162461,1.02291,1.35678,0.980059
0.163249,1.02291,1.35678,0.980059
0.164038,1.02291,1.35678,0.980059
0.164826,1.02291,1.35678,0.980059
0.165615,1.02379,1.36371,0.979736
0.166404,1.02379,1.36371,0.979736
0.167192,1.02379,1.36371,0.979736
0.167981,1.02379,1.36371,0.979736
0.16877,1.02469,1.37064,0.979415
0.169558,1.02469,1.37064,0.979415
0.170347,1.02469,1.37064,0.979415
0.171136,1.02469,1.37064,0.979415
0.171924,1.0256,1.37757,0.979097
0.172713,1.0256,1.37757,0.979097
0.173502,1.0256,1.37757,0.979097
0.17429,1.0256,1.37757,0.979097
0.175079,1.02653,1.38451,0.978782
0.175868,1.02653,1.38451,0.978782
0.176656,1.02653,1.38451,0.978782
0.177445,1.02653,1.38451,0.978782
0.178233,1.02747,1.39146,0.978468
0.179022,1.02747,1.39146,0.978468
0.179811,1.02747,1.39146,0.978468
0.180599,1.02747,1.39146,0.978468
0.181388,1.02843,1.39841,0.978157
0.182177,1.02843,1.39841,0.978157
0.182965,1.02843,1.39841,0.978157
0.183754,1.02843,1.39841,0.978157
0.184543,1.02941,1.40536,0.977849
0.185331,1.02941,1.40536,0.977849
0.18612,1.02941,1.40536,0.977849
0.186909,1.02941,1.40536,0.977849
0.187697,1.0304,1.41232,0.977543
0.188486,1.0304,1.41232,0.977543
0.189274,1.0304,1.41232,0.977543
0.190063,1.0304,1.41232,0.977543
0.190852,1.0314,1.41929,0.97724
0.19164,1.0314,1.41929,0.97724
0.192429,1.0314,1.41929,0.97724
0.193218,1.0314,1.41929,0.97724
0.194006,1.03243,1.42626,0.976939
0.194795,1.03243,1.42626,0.976939
0.195584,1.03243,1.42626,0.976939
0.196372,1.03243,1.42626,0.976939
0.197161,1.03346,1.43323,0.97664
0.19795,1.03346,1.43323,0.97664
0.198738,1.03346,1.43323,0.97664
0.199527,1.03346,1.43323,0.97664
0.200315,1.03452,1.44022,0.976344
0.201104,1.03452,1.44022,0.976344
0.201893,1.03452,1.44022,0.976344
0.202681,1.03452,1.44022,0.976344
0.20347,1.03559,1.4472,0.976051
0.204259,1.03559,1.4472,0.976051
0.205047,1.03559,1.4472,0.976051
0.205836,1.03559,1.4472,0.976051
0.206625,1.03667,1.4542,0.97576
0.207413,1.03667,1.4542,0.97576
0.208202,1.03667,1.4542,0.97576
0.208991,1.03667,1.4542,0.97576
0.209779,1.03777,1.4612,0.975471
0.210568,1.03777,1.4612,0.975471
0.211356,1.03777,1.4612,0.975471
0.212145,1.03777,1.4612,0.975471
0.212934,1.03889,1.4682,0.975185
0.213722,1.03889,1.4682,0.975185
0.214511,1.03889,1.4682,0.975185
0.2153,1.03889,1.4682,0.975185
0.216088,1.04002,1.47521,0.974902
0.216877,1.04002,1.47521,0.974902
0.217666,1.04002,1.47521,0.974902
0.218454,1.04002,1.47521,0.974902
0.219243,1.04117,1.48223,0.974621
0.220032,1.04117,1.48223,0.974621
0.22082,1.04117,1.48223,0.974621
0.221609,1.04117,1.48223,0.974621
0.222397,1.04233,1.48926,0.974343
0.223186,1.04233,1.48926,0.974343
0.223975,1.04233,1.48926,0.974343
0.224763,1.04233,1.48926,0.974343
0.225552,1.04351,1.49629,0.974067
0.226341,1.04351,1.49629,0.974067
0.227129,1.04351,1.49629,0.974067
0.227918,1.04351,1.49629,0.974067
0.228707,1.0447,1.50332,0.973794
0.229495,1.0447,1.50332,0.973794
0.230284,1.0447,1.50332,0.973794
0.231073,1.0447,1.50332,0.973794
0.231861,1.04591,1.51037,0.973524
0.23265,1.04591,1.51037,0.973524
0.233438,1.04591,1.51037,0.973524
0.234227,1.04591,1.51037,0.973524
0.235016,1.04713,1.51742,0.973256
0.235804,1.04713,1.51742,0.973256
0.236593,1.04713,1.51742,0.973256
0.237382,1.04713,1.51742,0.973256
0.23817,1.04837,1.52448,0.972991
0.238959,1.04837,1.52448,0.972991
0.239748,1.04837,1.52448,0.972991
0.240536,1.04837,1.52448,0.972991
0.241325,1.04963,1.53154,0.972728
0.242114,1.04963,1.53154,0.972728
0.242902,1.04963,1.53154,0.972728
0.243691,1.04963,1.53154,0.972728
0.244479,1.0509,1.53861,0.972468
0.245268,1.0509,1.53861,0.972468
0.246057,1.0509,1.53861,0.972468
0.246845,1.0509,1.53861,0.972468
0.247634,1.05218,1.54569,0.972211
0.248423,1.05218,1.54569,0.972211
0.249211,1.05218,1.54569,0.972211
0.25,1.05218,1.54569,0.972211
0.250789,1.05348,1.55278,0.971957
0.251577,1.05348,1.55278,0.971957
0.252366,1.05348,1.55278,0.971957
0.253155,1.05348,1.55278,0.971957
0.253943,1.0548,1.55987,0.971705
0.254732,1.0548,1.55987,0.971705
0.255521,1.0548,1.55987,0.971705
0.256309,1.0548,1.55987,0.971705
0.257098,1.05613,1.56698,0.971455
0.257886,1.05613,1.56698,0.971455
0.258675,1.05613,1.56698,0.971455
0.259464,1.05613,1.56698,0.971455
0.260252,1.05747,1.57409,0.971209
0.261041,1.05747,1.57409,0.971209
0.26183,1.05747,1.57409,0.971209
0.262618,1.05747,1.57409,0.971209
0.263407,1.05884,1.5812,0.970965
0.264196,1.05884,1.5812,0.970965
0.264984,1.05884,1.5812,0.970965
0.265773,1.05884,1.5812,0.970965
0.266562,1.06021,1.58833,0.970724
0.26735,1.06021,1.58833,0.970724
0.268139,1.06021,1.58833,0.970724
0.268927,1.06021,1.58833,0.970724
0.269716,1.0616,1.59546,0.970485
0.270505,1.0616,1.59546,0.970485
0.271293,1.0616,1.59546,0.970485
0.272082,1.0616,1.59546,0.970485
0.272871,1.06301,1.6026,0.97025
0.273659,1.06301,1.6026,0.97025
0.274448,1.06301,1.6026,0.97025
0.275237,1.06301,1.6026,0.97025
0.276025,1.06443,1.60975,0.970017
0.276814,1.06443,1.60975,0.970017
0.277603,1.06443,1.60975,0.970017
0.278391,1.06443,1.60975,0.970017
0.27918,1.06587,1.61691,0.969787
0.279968,1.06587,1.61691,0.969787
0.280757,1.06587,1.61691,0.969787
0.281546,1.06587,1.61691,0.969787
0.282334,1.06732,1.62408,0.969559
0.283123,1.06732,1.62408,0.969559
0.283912,1.06732,1.62408,0.969559
0.2847,1.06732,1.62408,0.969559
0.285489,1.06879,1.63125,0.969335
0.286278,1.06879,1.63125,0.969335
0.287066,1.06879,1.63125,0.969335
0.287855,1.06879,1.63125,0.969335
0.288644,1.07027,1.63843,0.969113
0.289432,1.07027,1.63843,0.969113
0.290221,1.07027,1.63843,0.969113
0.291009,1.07027,1.63843,0.969113
0.291798,1.07177,1.64563,0.968894
0.292587,1.07177,1.64563,0.968894
0.293375,1.07177,1.64563,0.968894
0.294164,1.07177,1.64563,0.968894
0.294953,1.07328,1.65283,0.968678
0.295741,1.07328,1.65283,0.968678
0.29653,1.07328,1.65283,0.968678
0.297319,1.07328,1.65283,0.968678
0.298107,1.07481,1.66004,0.968465
0.298896,1.07481,1.66004,0.968465
0.299685,1.07481,1.66004,0.968465
0.300473,1.07481,1.66004,0.968465
0.301262,1.07635,1.66726,0.968254
0.30205,1.07635,1.66726,0.968254
0.302839,1.07635,1.66726,0.968254
0.303628,1.07635,1.66726,0.968254
0.304416,1.07791,1.67448,0.968047
0.305205,1.07791,1.67448,0.968047
0.305994,1.07791,1.67448,0.968047
0.306782,1.07791,1.67448,0.968047
0.307571,1.07948,1.68172,0.967842
0.30836,1.07948,1.68172,0.967842
0.309148,1.07948,1.68172,0.967842
0.309937,1.07948,1.68172,0.967842
0.310726,1.08107,1.68897,0.967641
0.311514,1.08107,1.68897,0.967641
0.312303,1.08107,1.68897,0.967641
0.313091,1.08107,1.68897,0.967641
0.31388,1.08267,1.69622,0.967442
0.314669,1.08267,1.69622,0.967442
0.315457,1.08267,1.69622,0.967442
0.316246,1.08267,1.69622,0.967442
0.317035,1.08429,1.70349,0.967246
0.317823,1.08429,1.70349,0.967246
0.318612,1.08429,1.70349,0.967246
0.319401,1.08429,1.70349,0.967246
0.320189,1.08592,1.71076,0.967053
0.320978,1.08592,1.71076,0.967053
0.321767,1.08592,1.71076,0.967053
0.322555,1.08592,1.71076,0.967053
0.323344,1.08756,1.71805,0.966863
0.324132,1.08756,1.71805,0.966863
0.324921,1.08756,1.71805,0.966863
0.32571,1.08756,1.71805,0.966863
0.326498,1.08923,1.72534,0.966676
0.327287,1.08923,1.72534,0.966676
0.328076,1.08923,1.72534,0.966676
0.328864,1.08923,1.72534,0.966676
0.329653,1.0909,1.73265,0.966492
0.330442,1.0909,1.73265,0.966492
0.33123,1.0909,1.73265,0.966492
0.332019,1.0909,1.73265,0.966492
0.332808,1.09259,1.73996,0.966311
0.333596,1.09259,1.73996,0.966311
0.334385,1.09259,1.73996,0.966311
0.335174,1.09259,1.73996,0.966311
0.335962,1.0943,1.74729,0.966133
0.336751,1.0943,1.74729,0.966133
0.337539,1.0943,1.74729,0.966133
0.338328,1.0943,1.74729,0.966133
0.339117,1.09602,1.75462,0.965958
0.339905,1.09602,1.75462,0.965958
0.340694,1.09602,1.75462,0.965958
0.341483,1.09602,1.75462,0.965958
0.342271,1.09775,1.76197,0.965786
0.34306,1.09775,1.76197,0.965786
0.343849,1.09775,1.76197,0.965786
0.344637,1.09775,1.76197,0.965786
0.345426,1.09951,1.76933,0.965617
0.346215,1.09951,1.76933,0.965617
0.347003,1.09951,1.76933,0.965617
0.347792,1.09951,1.76933,0.965617
0.34858,1.10127,1.77669,0.965451
0.349369,1.10127,1.77669,0.965451
0.350158,1.10127,1.77669,0.965451
0.350946,1.10127,1.77669,0.965451
0.351735,1.10305,1.78407,0.965288
0.352524,1.10305,1.78407,0.965288
0.353312,1.10305,1.78407,0.965288
0.354101,1.10305,1.78407,0.965288
0.35489,1.10484,1.79146,0.965128
0.355678,1.10484,1.79146,0.965128
0.356467,1.10484,1.79146,0.965128
0.357256,1.10484,1.79146,0.965128
0.358044,1.10665,1.79886,0.964971
0.358833,1.10665,1.79886,0.964971
0.359621,1.10665,1.79886,0.964971
0.36041,1.10665,1.79886,0.964971
0.361199,1.10848,1.80627,0.964818
0.361987,1.10848,1.80627,0.964818
0.362776,1.10848,1.80627,0.964818
0.363565,1.10848,1.80627,0.964818
0.364353,1.11032,1.81369,0.964668
0.365142,1.11032,1.81369,0.964668
0.365931,1.11032,1.81369,0.964668
0.366719,1.11032,1.81369,0.964668
0.367508,1.11217,1.82112,0.96452
0.368297,1.11217,1.82112,0.96452
0.369085,1.11217,1.82112,0.96452
0.369874,1.11217,1.82112,0.96452
0.370662,1.11404,1.82857,0.964376
0.371451,1.11404,1.82857,0.964376
0.37224,1.11404,1.82857,0.964376
0.373028,1.11404,1.82857,0.964376
0.373817,1.11592,1.83602,0.964235
0.374606,1.11592,1.83602,0.964235
0.375394,1.11592,1.83602,0.964235
0.376183,1.11592,1.83602,0.964235
0.376972,1.11782,1.84349,0.964098
0.37776,1.11782,1.84349,0.964098
0.378549,1.11782,1.84349,0.964098
0.379338,1.11782,1.84349,0.964098
0.380126,1.11973,1.85097,0.963963
0.380915,1.11973,1.85097,0.963963
0.381703,1.11973,1.85097,0.963963
0.382492,1.11973,1.85097,0.963963
0.383281,1.12166,1.85846,0.963832
0.384069,1.12166,1.85846,0.963832
0.384858,1.12166,1.85846,0.963832
0.385647,1.12166,1.85846,0.963832
0.386435,1.1236,1.86596,0.963704
0.387224,1.1236,1.86596,0.963704
0.388013,1.1236,1.86596,0.963704
0.388801,1.1236,1.86596,0.963704
0.38959,1.12556,1.87347,0.963579
0.390379,1.12556,1.87347,0.963579
0.391167,1.12556,1.87347,0.963579
0.391956,1.12556,1.87347,0.963579
0.392744,1.12753,1.881,0.963458
0.393533,1.12753,1.881,0.963458
0.394322,1.12753,1.881,0.963458
0.39511,1.12753,1.881,0.963458
0.395899,1.12951,1.88853,0.96334
0.396688,1.12951,1.88853,0.96334
0.397476,1.12951,1.88853,0.96334
0.398265,1.12951,1.88853,0.96334
0.399054,1.13151,1.89608,0.963225
0.399842,1.13151,1.89608,0.963225
0.400631,1.13151,1.89608,0.963225
0.40142,1.13151,1.89608,0.963225
0.402208,1.13353,1.90365,0.963113
0.402997,1.13353,1.90365,0.963113
0.403785,1.13353,1.90365,0.963113
0.404574,1.13353,1.90365,0.963113
0.405363,1.13556,1.91122,0.963005
0.406151,1.13556,1.91122,0.963005
0.40694,1.13556,1.91122,0.963005
0.407729,1.13556,1.91122,0.963005
0.408517,1.1376,1.91881,0.9629
0.409306,1.1376,1.91881,0.9629
0.410095,1.1376,1.91881,0.9629
0.410883,1.1376,1.91881,0.9629
0.411672,1.13966,1.92641,0.962799
0.412461,1.13966,1.92641,0.962799
0.413249,1.13966,1.92641,0.962799
0.414038,1.13966,1.92641,0.962799
0.414826,1.14173,1.93402,0.962701
0.415615,1.14173,1.93402,0.962701
0.416404,1.14173,1.93402,0.962701
0.417192,1.14173,1.93402,0.962701
0.417981,1.14382,1.94165,0.962606
0.41877,1.14382,1.94165,0.962606
0.419558,1.14382,1.94165,0.962606
0.420347,1.14382,1.94165,0.962606
0.421136,1.14592,1.94928,0.962515
0.421924,1.14592,1.94928,0.962515
0.422713,1.14592,1.94928,0.962515
0.423502,1.14592,1.94928,0.962515
0.42429,1.14804,1.95693,0.962427
0.425079,1.14804,1.95693,0.962427
0.425868,1.14804,1.95693,0.962427
0.426656,1.14804,1.95693,0.962427
0.427445,1.15017,1.9646,0.962343
0.428233,1.15017,1.9646,0.962343
0.429022,1.15017,1.9646,0.962343
0.429811,1.15017,1.9646,0.962343
0.430599,1.15232,1.97228,0.962262
0.431388,1.15232,1.97228,0.962262
0.432177,1.15232,1.97228,0.962262
0.432965,1.15232,1.97228,0.962262
0.433754,1.15448,1.97997,0.962185
0.434543,1.15448,1.97997,0.962185
0.435331,1.15448,1.97997,0.962185
0.43612,1.15448,1.97997,0.962185
0.436909,1.15666,1.98767,0.962111
0.437697,1.15666,1.98767,0.962111
0.438486,1.15666,1.98767,0.962111
0.439274,1.15666,1.98767,0.962111
0.440063,1.15884,1.99539,0.962041
0.440852,1.15884,1.99539,0.962041
0.44164,1.15884,1.99539,0.962041
0.442429,1.15884,1.99539,0.962041
0.443218,1.16105,2.00312,0.961974
0.444006,1.16105,2.00312,0.961974
0.444795,1.16105,2.00312,0.961974
0.445584,1.16105,2.00312,0.961974
0.446372,1.16327,2.01086,0.961911
0.447161,1.16327,2.01086,0.961911
0.44795,1.16327,2.01086,0.961911
0.448738,1.16327,2.01086,0.961911
0.449527,1.1655,2.01862,0.961852
0.450315,1.1655,2.01862,0.961852
0.451104,1.1655,2.01862,0.961852
0.451893,1.1655,2.01862,0.961852
0.452681,1.16775,2.02639,0.961796
0.45347,1.16775,2.02639,0.961796
0.454259,1.16775,2.02639,0.961796
0.455047,1.16775,2.02639,0.961796
0.455836,1.17001,2.03418,0.961743
0.456625,1.17001,2.03418,0.961743
0.457413,1.17001,2.03418,0.961743
0.458202,1.17001,2.03418,0.961743
0.458991,1.17229,2.04198,0.961695
0.459779,1.17229,2.04198,0.961695
0.460568,1.17229,2.04198,0.961695
0.461356,1.17229,2.04198,0.961695
0.462145,1.17458,2.0498,0.96165
0.462934,1.17458,2.0498,0.96165
0.463722,1.17458,2.0498,0.96165
0.464511,1.17458,2.0498,0.96165
0.4653,1.17689,2.05763,0.961608
0.466088,1.17689,2.05763,0.961608
0.466877,1.17689,2.05763,0.961608
0.467666,1.17689,2.05763,0.961608
0.468454,1.17921,2.06547,0.961571
0.469243,1.17921,2.06547,0.961571
0.470032,1.17921,2.06547,0.961571
0.47082,1.17921,2.06547,0.961571
0.471609,1.18154,2.07333,0.961537
0.472397,1.18154,2.07333,0.961537
0.473186,1.18154,2.07333,0.961537
0.473975,1.18154,2.07333,0.961537
0.474763,1.1839,2.0812,0.961507
0.475552,1.1839,2.0812,0.961507
0.476341,1.1839,2.0812,0.961507
0.477129,1.1839,2.0812,0.961507
0.477918,1.18626,2.08909,0.96148
0.478707,1.18626,2.08909,0.96148
0.479495,1.18626,2.08909,0.96148
0.480284,1.18626,2.08909,0.96148
0.481073,1.18864,2.09699,0.961458
0.481861,1.18864,2.09699,0.961458
0.48265,1.18864,2.09699,0.961458
0.483438,1.18864,2.09699,0.961458
0.484227,1.19103,2.10491,0.961439
0.485016,1.19103,2.10491,0.961439
0.485804,1.19103,2.10491,0.961439
0.486593,1.19103,2.10491,0.961439
0.487382,1.19344,2.11284,0.961424
0.48817,1.19344,2.11284,0.961424
0.488959,1.19344,2.11284,0.961424
0.489748,1.19344,2.11284,0.961424
0.490536,1.19586,2.12078,0.961413
0.491325,1.19586,2.12078,0.961413
0.492114,1.19586,2.12078,0.961413
0.492902,1.19586,2.12078,0.961413
0.493691,1.1983,2.12875,0.961406
0.494479,1.1983,2.12875,0.961406
0.495268,1.1983,2.12875,0.961406
0.496057,1.1983,2.12875,0.961406
0.496845,1.20075,2.13672,0.961402
0.497634,1.20075,2.13672,0.961402
0.498423,1.20075,2.13672,0.961402
0.499211,1.20075,2.13672,0.961402
0.5,1.20322,2.14472,0.961403
0.500789,1.20322,2.14472,0.961403
0.501577,1.20322,2.14472,0.961403
0.502366,1.20322,2.14472,0.961403
0.503155,1.2057,2.15272,0.961407
0.503943,1.2057,2.15272,0.961407
0.504732,1.2057,2.15272,0.961407
0.505521,1.2057,2.15272,0.961407
0.506309,1.2082,2.16075,0.961416
0.507098,1.2082,2.16075,0.961416
0.507886,1.2082,2.16075,0.961416
0.508675,1.2082,2.16075,0.961416
0.509464,1.21071,2.16879,0.961428
0.510252,1.21071,2.16879,0.961428
0.511041,1.21071,2.16879,0.961428
0.51183,1.21071,2.16879,0.961428
0.512618,1.21323,2.17684,0.961444
0.513407,1.21323,2.17684,0.961444
0.514196,1.21323,2.17684,0.961444
0.514984,1.21323,2.17684,0.961444
0.515773,1.21577,2.18491,0.961465
0.516562,1.21577,2.18491,0.961465
0.51735,1.21577,2.18491,0.961465
0.518139,1.21577,2.18491,0.961465
0.518927,1.21832,2.193,0.961489
0.519716,1.21832,2.193,0.961489
0.520505,1.21832,2.193,0.961489
0.521293,1.21832,2.193,0.961489
0.522082,1.22089,2.2011,0.961517
0.522871,1.22089,2.2011,0.961517
0.523659,1.22089,2.2011,0.961517
0.524448,1.22089,2.2011,0.961517
0.525237,1.22348,2.20922,0.96155
0.526025,1.22348,2.20922,0.96155
0.526814,1.22348,2.20922,0.96155
0.527603,1.22348,2.20922,0.96155
0.528391,1.22607,2.21736,0.961586
0.52918,1.22607,2.21736,0.961586
0.529968,1.22607,2.21736,0.961586
0.530757,1.22607,2.21736,0.961586
0.531546,1.22869,2.22551,0.961627
0.532334,1.22869,2.22551,0.961627
0.533123,1.22869,2.22551,0.961627
0.533912,1.22869,2.22551,0.961627
0.5347,1.23131,2.23368,0.961672
0.535489,1.23131,2.23368,0.961672
0.536278,1.23131,2.23368,0.961672
0.537066,1.23131,2.23368,0.961672
0.537855,1.23395,2.24186,0.961721
0.538644,1.23395,2.24186,0.961721
0.539432,1.23395,2.24186,0.961721
0.540221,1.23395,2.24186,0.961721
0.541009,1.23661,2.25006,0.961774
0.541798,1.23661,2.25006,0.961774
0.542587,1.23661,2.25006,0.961774
0.543375,1.23661,2.25006,0.961774
0.544164,1.23928,2.25828,0.961831
0.544953,1.23928,2.25828,0.961831
0.545741,1.23928,2.25828,0.961831
0.54653,1.23928,2.25828,0.961831
0.547319,1.24197,2.26652,0.961893
0.548107,1.24197,2.26652,0.961893
0.548896,1.24197,2.26652,0.961893
0.549685,1.24197,2.26652,0.961893
0.550473,1.24467,2.27477,0.961959
0.551262,1.24467,2.27477,0.961959
0.55205,1.24467,2.27477,0.961959
0.552839,1.24467,2.27477,0.961959
0.553628,1.24738,2.28304,0.962029
0.554416,1.24738,2.28304,0.962029
0.555205,1.24738,2.28304,0.962029
0.555994,1.24738,2.28304,0.962029
0.556782,1.25011,2.29132,0.962103
0.557571,1.25011,2.29132,0.962103
0.55836,1.25011,2.29132,0.962103
0.559148,1.25011,2.29132,0.962103
0.559937,1.25285,2.29963,0.962182
0.560726,1.25285,2.29963,0.962182
0.561514,1.25285,2.29963,0.962182
0.562303,1.25285,2.29963,0.962182
0.563091,1.25561,2.30795,0.962265
0.56388,1.25561,2.30795,0.962265
0.564669,1.25561,2.30795,0.962265
0.565457,1.25561,2.30795,0.962265
0.566246,1.25839,2.31629,0.962353
0.567035,1.25839,2.31629,0.962353
0.567823,1.25839,2.31629,0.962353
0.568612,1.25839,2.31629,0.962353
0.569401,1.26117,2.32464,0.962445
0.570189,1.26117,2.32464,0.962445
0.570978,1.26117,2.32464,0.962445
0.571767,1.26117,2.32464,0.962445
0.572555,1.26398,2.33301,0.962541
0.573344,1.26398,2.33301,0.962541
0.574132,1.26398,2.33301,0.962541
0.574921,1.26398,2.33301,0.962541
0.57571,1.26679,2.34141,0.962642
0.576498,1.26679,2.34141,0.962642
0.577287,1.26679,2.34141,0.962642
0.578076,1.26679,2.34141,0.962642
0.578864,1.26962,2.34981,0.962747
0.579653,1.26962,2.34981,0.962747
0.580442,1.26962,2.34981,0.962747
0.58123,1.26962,2.34981,0.962747
0.582019,1.27247,2.35824,0.962856
0.582808,1.27247,2.35824,0.962856
0.583596,1.27247,2.35824,0.962856
0.584385,1.27247,2.35824,0.962856
0.585174,1.27533,2.36669,0.96297
0.585962,1.27533,2.36669,0.96297
0.586751,1.27533,2.36669,0.96297
0.587539,1.27533,2.36669,0.96297
0.588328,1.27821,2.37515,0.963089
0.589117,1.27821,2.37515,0.963089
0.589905,1.27821,2.37515,0.963089
0.590694,1.27821,2.37515,0.963089
0.591483,1.2811,2.38363,0.963212
0.592271,1.2811,2.38363,0.963212
0.59306,1.2811,2.38363,0.963212
0.593849,1.2811,2.38363,0.963212
0.594637,1.284,2.39213,0.96334
0.595426,1.284,2.39213,0.96334
0.596215,1.284,2.39213,0.96334
0.597003,1.284,2.39213,0.96334
0.597792,1.28692,2.40065,0.963473
0.59858,1.28692,2.40065,0.963473
0.599369,1.28692,2.40065,0.963473
0.600158,1.28692,2.40065,0.963473
0.600946,1.28986,2.40918,0.96361
0.601735,1.28986,2.40918,0.96361
0.602524,1.28986,2.40918,0.96361
0.603312,1.28986,2.40918,0.96361
0.604101,1.29281,2.41774,0.963752
0.60489,1.29281,2.41774,0.963752
0.605678,1.29281,2.41774,0.963752
0.606467,1.29281,2.41774,0.963752
0.607256,1.29577,2.42631,0.963898
0.608044,1.29577,2.42631,0.963898
0.608833,1.29577,2.42631,0.963898
0.609621,1.29577,2.42631,0.963898
0.61041,1.29875,2.43491,0.964049
0.611199,1.29875,2.43491,0.964049
0.611987,1.29875,2.43491,0.964049
0.612776,1.29875,2.43491,0.964049
0.613565,1.30175,2.44352,0.964205
0.614353,1.30175,2.44352,0.964205
0.615142,1.30175,2.44352,0.964205
0.615931,1.30175,2.44352,0.964205
0.616719,1.30476,2.45215,0.964366
0.617508,1.30476,2.45215,0.964366
0.618297,1.30476,2.45215,0.964366
0.619085,1.30476,2.45215,0.964366
0.619874,1.30778,2.4608,0.964531
0.620662,1.30778,2.4608,0.964531
0.621451,1.30778,2.4608,0.964531
0.62224,1.30778,2.4608,0.964531
0.623028,1.31082,2.46947,0.964701
0.623817,1.31082,2.46947,0.964701
0.624606,1.31082,2.46947,0.964701
0.625394,1.31082,2.46947,0.964701
0.626183,1.31387,2.47815,0.964876
0.626972,1.31387,2.47815,0.964876
0.62776,1.31387,2.47815,0.964876
0.628549,1.31387,2.47815,0.964876
0.629338,1.31694,2.48686,0.965056
0.630126,1.31694,2.48686,0.965056
0.630915,1.31694,2.48686,0.965056
0.631703,1.31694,2.48686,0.965056
0.632492,1.32002,2.49559,0.965241
0.633281,1.32002,2.49559,0.965241
0.634069,1.32002,2.49559,0.965241
0.634858,1.32002,2.49559,0.965241
0.635647,1.32312,2.50433,0.965431
0.636435,1.32312,2.50433,0.965431
0.637224,1.32312,2.50433,0.965431
0.638013,1.32312,2.50433,0.965431
0.638801,1.32623,2.5131,0.965626
0.63959,1.32623,2.5131,0.965626
0.640379,1.32623,2.5131,0.965626
0.641167,1.32623,2.5131,0.965626
0.641956,1.32936,2.52189,0.965826
0.642744,1.32936,2.52189,0.965826
0.643533,1.32936,2.52189,0.965826
0.644322,1.32936,2.52189,0.965826
0.64511,1.3325,2.53069,0.96603
0.645899,1.3325,2.53069,0.96603
0.646688,1.3325,2.53069,0.96603
0.647476,1.3325,2.53069,0.96603
0.648265,1.33566,2.53952,0.96624
0.649054,1.33566,2.53952,0.96624
0.649842,1.33566,2.53952,0.96624
0.650631,1.33566,2.53952,0.96624
0.65142,1.33883,2.54836,0.966455
0.652208,1.33883,2.54836,0.966455
0.652997,1.33883,2.54836,0.966455
0.653785,1.33883,2.54836,0.966455
0.654574,1.34202,2.55723,0.966675
0.655363,1.34202,2.55723,0.966675
0.656151,1.34202,2.55723,0.966675
0.65694,1.34202,2.55723,0.966675
0.657729,1.34522,2.56612,0.9669
0.658517,1.34522,2.56612,0.9669
0.659306,1.34522,2.56612,0.9669
0.660095,1.34522,2.56612,0.9669
0.660883,1.34844,2.57502,0.96713
0.661672,1.34844,2.57502,0.96713
0.662461,1.34844,2.57502,0.96713
0.663249,1.34844,2.57502,0.96713
0.664038,1.35167,2.58395,0.967366
0.664826,1.35167,2.58395,0.967366
0.665615,1.35167,2.58395,0.967366
0.666404,1.35167,2.58395,0.967366
0.667192,1.35492,2.5929,0.967606
0.667981,1.35492,2.5929,0.967606
0.66877,1.35492,2.5929,0.967606
0.669558,1.35492,2.5929,0.967606
0.670347,1.35818,2.60187,0.967852
0.671136,1.35818,2.60187,0.967852
0.671924,1.35818,2.60187,0.967852
0.672713,1.35818,2.60187,0.967852
0.673502,1.36146,2.61086,0.968103
0.67429,1.36146,2.61086,0.968103
0.675079,1.36146,2.61086,0.968103
0.675868,1.36146,2.61086,0.968103
0.676656,1.36475,2.61987,0.96836
0.677445,1.36475,2.61987,0.96836
0.678233,1.36475,2.61987,0.96836
0.679022,1.36475,2.61987,0.96836
0.679811,1.36806,2.6289,0.968621
0.680599,1.36806,2.6289,0.968621
0.681388,1.36806,2.6289,0.968621
0.682177,1.36806,2.6289,0.968621
0.682965,1.37138,2.63795,0.968888
0.683754,1.37138,2.63795,0.968888
0.684543,1.37138,2.63795,0.968888
0.685331,1.37138,2.63795,0.968888
0.68612,1.37472,2.64703,0.969161
0.686909,1.37472,2.64703,0.969161
0.687697,1.37472,2.64703,0.969161
0.688486,1.37472,2.64703,0.969161
0.689274,1.37807,2.65612,0.969439
0.690063,1.37807,2.65612,0.969439
0.690852,1.37807,2.65612,0.969439
0.69164,1.37807,2.65612,0.969439
0.692429,1.38144,2.66524,0.969722
0.693218,1.38144,2.66524,0.969722
0.694006,1.38144,2.66524,0.969722
0.694795,1.38144,2.66524,0.969722
0.695584,1.38482,2.67437,0.970011
0.696372,1.38482,2.67437,0.970011
0.697161,1.38482,2.67437,0.970011
0.69795,1.38482,2.67437,0.970011
0.698738,1.38822,2.68353,0.970305
0.699527,1.38822,2.68353,0.970305
0.700315,1.38822,2.68353,0.970305
0.701104,1.38822,2.68353,0.970305
0.701893,1.39164,2.69272,0.970605
0.702681,1.39164,2.69272,0.970605
0.70347,1.39164,2.69272,0.970605
0.704259,1.39164,2.69272,0.970605
0.705047,1.39506,2.70192,0.97091
0.705836,1.39506,2.70192,0.97091
0.706625,1.39506,2.70192,0.97091
0.707413,1.39506,2.70192,0.97091
0.708202,1.39851,2.71114,0.971221
0.708991,1.39851,2.71114,0.971221
0.709779,1.39851,2.71114,0.971221
0.710568,1.39851,2.71114,0.971221
0.711356,1.40197,2.72039,0.971538
0.712145,1.40197,2.72039,0.971538
0.712934,1.40197,2.72039,0.971538
0.713722,1.40197,2.72039,0.971538
0.714511,1.40544,2.72966,0.97186
0.7153,1.40544,2.72966,0.97186
0.716088,1.40544,2.72966,0.97186
0.716877,1.40544,2.72966,0.97186
0.717666,1.40893,2.73895,0.972188
0.718454,1.40893,2.73895,0.972188
0.719243,1.40893,2.73895,0.972188
0.720032,1.40893,2.73895,0.972188
0.72082,1.41244,2.74826,0.972522
0.721609,1.41244,2.74826,0.972522
0.722397,1.41244,2.74826,0.972522
0.723186,1.41244,2.74826,0.972522
0.723975,1.41596,2.7576,0.972862
0.724763,1.41596,2.7576,0.972862
0.725552,1.41596,2.7576,0.972862
0.726341,1.41596,2.7576,0.972862
0.727129,1.41949,2.76696,0.973207
0.727918,1.41949,2.76696,0.973207
0.728707,1.41949,2.76696,0.973207
0.729495,1.41949,2.76696,0.973207
0.730284,1.42304,2.77634,0.973558
0.731073,1.42304,2.77634,0.973558
0.731861,1.42304,2.77634,0.973558
0.73265,1.42304,2.77634,0.973558
0.733438,1.42661,2.78574,0.973915
0.734227,1.42661,2.78574,0.973915
0.735016,1.42661,2.78574,0.973915
0.735804,1.42661,2.78574,0.973915
0.736593,1.43019,2.79517,0.974278
0.737382,1.43019,2.79517,0.974278
0.73817,1.43019,2.79517,0.974278
0.738959,1.43019,2.79517,0.974278
0.739748,1.43379,2.80462,0.974647
0.740536,1.43379,2.80462,0.974647
0.741325,1.43379,2.80462,0.974647
0.742114,1.43379,2.80462,0.974647
0.742902,1.4374,2.81409,0.975022
0.743691,1.4374,2.81409,0.975022
0.744479,1.4374,2.81409,0.975022
0.745268,1.4374,2.81409,0.975022
0.746057,1.44103,2.82358,0.975402
0.746845,1.44103,2.82358,0.975402
0.747634,1.44103,2.82358,0.975402
0.748423,1.44103,2.82358,0.975402
0.749211,1.44467,2.8331,0.975789
0.75,1.44467,2.8331,0.975789
0.750789,1.44467,2.8331,0.975789
0.751577,1.44467,2.8331,0.975789
0.752366,1.44833,2.84264,0.976182
0.753155,1.44833,2.84264,0.976182
0.753943,1.44833,2.84264,0.976182
0.754732,1.44833,2.84264,0.976182
0.755521,1.452,2.85221,0.976581
0.756309,1.452,2.85221,0.976581
0.757098,1.452,2.85221,0.976581
0.757886,1.452,2.85221,0.976581
0.758675,1.45569,2.8618,0.976986
0.759464,1.45569,2.8618,0.976986
0.760252,1.45569,2.8618,0.976986
0.761041,1.45569,2.8618,0.976986
0.76183,1.4594,2.87141,0.977397
0.762618,1.4594,2.87141,0.977397
0.763407,1.4594,2.87141,0.977397
0.764196,1.4594,2.87141,0.977397
0.764984,1.46312,2.88104,0.977815
0.765773,1.46312,2.88104,0.977815
0.766562,1.46312,2.88104,0.977815
0.76735,1.46312,2.88104,0.977815
0.768139,1.46686,2.8907,0.978238
0.768927,1.46686,2.8907,0.978238
0.769716,1.46686,2.8907,0.978238
0.770505,1.46686,2.8907,0.978238
0.771293,1.47061,2.90039,0.978668
0.772082,1.47061,2.90039,0.978668
0.772871,1.47061,2.90039,0.978668
0.773659,1.47061,2.90039,0.978668
0.774448,1.47438,2.9101,0.979105
0.775237,1.47438,2.9101,0.979105
0.776025,1.47438,2.9101,0.979105
0.776814,1.47438,2.9101,0.979105
0.777603,1.47816,2.91983,0.979547
0.778391,1.47816,2.91983,0.979547
0.77918,1.47816,2.91983,0.979547
0.779968,1.47816,2.91983,0.979547
0.780757,1.48196,2.92958,0.979996
0.781546,1.48196,2.92958,0.979996
0.782334,1.48196,2.92958,0.979996
0.783123,1.48196,2.92958,0.979996
0.783912,1.48577,2.93936,0.980452
0.7847,1.48577,2.93936,0.980452
0.785489,1.48577,2.93936,0.980452
0.786278,1.48577,2.93936,0.980452
0.787066,1.48961,2.94917,0.980914
0.787855,1.48961,2.94917,0.980914
0.788644,1.48961,2.94917,0.980914
0.789432,1.48961,2.94917,0.980914
0.790221,1.49345,2.959,0.981382
0.791009,1.49345,2.959,0.981382
0.791798,1.49345,2.959,0.981382
0.792587,1.49345,2.959,0.981382
0.793375,1.49731,2.96885,0.981857
0.794164,1.49731,2.96885,0.981857
0.794953,1.49731,2.96885,0.981857
0.795741,1.49731,2.96885,0.981857
0.79653,1.50119,2.97873,0.982338
0.797319,1.50119,2.97873,0.982338
0.798107,1.50119,2.97873,0.982338
0.798896,1.50119,2.97873,0.982338
0.799685,1.50509,2.98863,0.982826
0.800473,1.50509,2.98863,0.982826
0.801262,1.50509,2.98863,0.982826
0.80205,1.50509,2.98863,0.982826
0.802839,1.50899,2.99856,0.983321
0.803628,1.50899,2.99856,0.983321
0.804416,1.50899,2.99856,0.983321
0.805205,1.50899,2.99856,0.983321
0.805994,1.51292,3.00851,0.983823
0.806782,1.51292,3.00851,0.983823
0.807571,1.51292,3.00851,0.983823
0.80836,1.51292,3.00851,0.983823
0.809148,1.51686,3.01849,0.984331
0.809937,1.51686,3.01849,0.984331
0.810726,1.51686,3.01849,0.984331
0.811514,1.51686,3.01849,0.984331
0.812303,1.52082,3.02849,0.984845
0.813091,1.52082,3.02849,0.984845
0.81388,1.52082,3.02849,0.984845
0.814669,1.52082,3.02849,0.984845
0.815457,1.52479,3.03852,0.985367
0.816246,1.52479,3.03852,0.985367
0.817035,1.52479,3.03852,0.985367
0.817823,1.52479,3.03852,0.985367
0.818612,1.52878,3.04858,0.985896
0.819401,1.52878,3.04858,0.985896
0.820189,1.52878,3.04858,0.985896
0.820978,1.52878,3.04858,0.985896
0.821767,1.53279,3.05866,0.986431
0.822555,1.53279,3.05866,0.986431
0.823344,1.53279,3.05866,0.986431
0.824132,1.53279,3.05866,0.986431
0.824921,1.53681,3.06876,0.986973
0.82571,1.53681,3.06876,0.986973
0.826498,1.53681,3.06876,0.986973
0.827287,1.53681,3.06876,0.986973
0.828076,1.54084,3.07889,0.987522
0.828864,1.54084,3.07889,0.987522
0.829653,1.54084,3.07889,0.987522
0.830442,1.54084,3.07889,0.987522
0.83123,1.5449,3.08905,0.988079
0.832019,1.5449,3.08905,0.988079
0.832808,1.5449,3.08905,0.988079
0.833596,1.5449,3.08905,0.988079
0.834385,1.54897,3.09923,0.988642
0.835174,1.54897,3.09923,0.988642
0.835962,1.54897,3.09923,0.988642
0.836751,1.54897,3.09923,0.988642
0.837539,1.55305,3.10944,0.989212
0.838328,1.55305,3.10944,0.989212
0.839117,1.55305,3.10944,0.989212
0.839905,1.55305,3.10944,0.989212
0.840694,1.55715,3.11968,0.98979
0.841483,1.55715,3.11968,0.98979
0.842271,1.55715,3.11968,0.98979
0.84306,1.55715,3.11968,0.98979
0.843849,1.56127,3.12994,0.990374
0.844637,1.56127,3.12994,0.990374
0.845426,1.56127,3.12994,0.990374
0.846215,1.56127,3.12994,0.990374
0.847003,1.5654,3.14023,0.990966
0.847792,1.5654,3.14023,0.990966
0.84858,1.5654,3.14023,0.990966
0.849369,1.5654,3.14023,0.990966
0.850158,1.56955,3.15054,0.991565
0.850946,1.56955,3.15054,0.991565
0.851735,1.56955,3.15054,0.991565
0.852524,1.56955,3.15054,0.991565
0.853312,1.57372,3.16088,0.992171
0.854101,1.57372,3.16088,0.992171
0.85489,1.57372,3.16088,0.992171
0.855678,1.57372,3.16088,0.992171
0.856467,1.5779,3.17125,0.992785
0.857256,1.5779,3.17125,0.992785
0.858044,1.5779,3.17125,0.992785
0.858833,1.5779,3.17125,0.992785
0.859621,1.5821,3.18164,0.993406
0.86041,1.5821,3.18164,0.993406
0.861199,1.5821,3.18164,0.993406
0.861987,1.5821,3.18164,0.993406
0.862776,1.58632,3.19207,0.994034
0.863565,1.58632,3.19207,0.994034
0.864353,1.58632,3.19207,0.994034
0.865142,1.58632,3.19207,0.994034
0.865931,1.59055,3.20251,0.99467
0.866719,1.59055,3.20251,0.99467
0.867508,1.59055,3.20251,0.99467
0.868297,1.59055,3.20251,0.99467
0.869085,1.5948,3.21299,0.995314
0.869874,1.5948,3.21299,0.995314
0.870662,1.5948,3.21299,0.995314
0.871451,1.5948,3.21299,0.995314
0.87224,1.59906,3.22349,0.995964
0.873028,1.59906,3.22349,0.995964
0.873817,1.59906,3.22349,0.995964
0.874606,1.59906,3.22349,0.995964
0.875394,1.60334,3.23402,0.996623
0.876183,1.60334,3.23402,0.996623
0.876972,1.60334,3.23402,0.996623
0.87776,1.60334,3.23402,0.996623
0.878549,1.60764,3.24458,0.997289
0.879338,1.60764,3.24458,0.997289
0.880126,1.60764,3.24458,0.997289
0.880915,1.60764,3.24458,0.997289
0.881703,1.61195,3.25516,0.997963
0.882492,1.61195,3.25516,0.997963
0.883281,1.61195,3.25516,0.997963
0.884069,1.61195,3.25516,0.997963
0.884858,1.61628,3.26578,0.998644
0.885647,1.61628,3.26578,0.998644
0.886435,1.61628,3.26578,0.998644
0.887224,1.61628,3.26578,0.998644
0.888013,1.62063,3.27642,0.999333
0.888801,1.62063,3.27642,0.999333
0.88959,1.62063,3.27642,0.999333
0.890379,1.62063,3.27642,0.999333
0.891167,1.62499,3.28708,1.00003
0.891956,1.62499,3.28708,1.00003
0.892744,1.62499,3.28708,1.00003
0.893533,1.62499,3.28708,1.00003
0.894322,1.62937,3.29778,1.00074
0.89511,1.62937,3.29778,1.00074
0.895899,1.62937,3.29778,1.00074
0.896688,1.62937,3.29778,1.00074
0.897476,1.63377,3.3085,1.00145
0.898265,1.63377,3.3085,1.00145
0.899054,1.63377,3.3085,1.00145
0.899842,1.63377,3.3085,1.00145
0.900631,1.63818,3.31925,1.00217
0.90142,1.63818,3.31925,1.00217
0.902208,1.63818,3.31925,1.00217
0.902997,1.63818,3.31925,1.00217
0.903785,1.64261,3.33003,1.0029
0.904574,1.64261,3.33003,1.0029
0.905363,1.64261,3.33003,1.0029
0.906151,1.64261,3.33003,1.0029
0.90694,1.64706,3.34084,1.00363
0.907729,1.64706,3.34084,1.00363
0.908517,1.64706,3.34084,1.00363
0.909306,1.64706,3.34084,1.00363
0.910095,1.65152,3.35168,1.00438
0.910883,1.65152,3.35168,1.00438
0.911672,1.65152,3.35168,1.00438
0.912461,1.65152,3.35168,1.00438
0.913249,1.656,3.36255,1.00513
0.914038,1.656,3.36255,1.00513
0.914826,1.656,3.36255,1.00513
0.915615,1.656,3.36255,1.00513
0.916404,1.6605,3.37344,1.00589
0.917192,1.6605,3.37344,1.00589
0.917981,1.6605,3.37344,1.00589
0.91877,1.6605,3.37344,1.00589
0.919558,1.66501,3.38436,1.00666
0.920347,1.66501,3.38436,1.00666
0.921136,1.66501,3.38436,1.00666
0.921924,1.66501,3.38436,1.00666
0.922713,1.66955,3.39532,1.00744
0.923502,1.66955,3.39532,1.00744
0.92429,1.66955,3.39532,1.00744
0.925079,1.66955,3.39532,1.00744
0.925868,1.67409,3.4063,1.00823
0.926656,1.67409,3.4063,1.00823
0.927445,1.67409,3.4063,1.00823
0.928233,1.67409,3.4063,1.00823
0.929022,1.67866,3.41731,1.00902
0.929811,1.67866,3.41731,1.00902
0.930599,1.67866,3.41731,1.00902
0.931388,1.67866,3.41731,1.00902
0.932177,1.68324,3.42835,1.00982
0.932965,1.68324,3.42835,1.00982
0.933754,1.68324,3.42835,1.00982
0.934543,1.68324,3.42835,1.00982
0.935331,1.68784,3.43941,1.01063
0.93612,1.68784,3.43941,1.01063
0.936909,1.68784,3.43941,1.01063
0.937697,1.68784,3.43941,1.01063
0.938486,1.69245,3.45051,1.01145
0.939274,1.69245,3.45051,1.01145
0.940063,1.69245,3.45051,1.01145
0.940852,1.69245,3.45051,1.01145
0.94164,1.69709,3.46164,1.01228
0.942429,1.69709,3.46164,1.01228
0.943218,1.69709,3.46164,1.01228
0.944006,1.69709,3.46164,1.01228
0.944795,1.70174,3.4728,1.01312
0.945584,1.70174,3.4728,1.01312
0.946372,1.70174,3.4728,1.01312
0.947161,1.70174,3.4728,1.01312
0.94795,1.7064,3.48398,1.01396
0.948738,1.7064,3.48398,1.01396
0.949527,1.7064,3.48398,1.01396
0.950315,1.7064,3.48398,1.01396
0.951104,1.71109,3.4952,1.01482
0.951893,1.71109,3.4952,1.01482
0.952681,1.71109,3.4952,1.01482
0.95347,1.71109,3.4952,1.01482
0.954259,1.71579,3.50645,1.01568
0.955047,1.71579,3.50645,1.01568
0.955836,1.71579,3.50645,1.01568
0.956625,1.71579,3.50645,1.01568
0.957413,1.72051,3.51773,1.01655
0.958202,1.72051,3.51773,1.01655
0.958991,1.72051,3.51773,1.01655
0.959779,1.72051,3.51773,1.01655
0.960568,1.72524,3.52903,1.01743
0.961356,1.72524,3.52903,1.01743
0.962145,1.72524,3.52903,1.01743
0.962934,1.72524,3.52903,1.01743
0.963722,1.73,3.54037,1.01832
0.964511,1.73,3.54037,1.01832
0.9653,1.73,3.54037,1.01832
0.966088,1.73,3.54037,1.01832
0.966877,1.73477,3.55174,1.01922
0.967666,1.73477,3.55174,1.01922
0.968454,1.73477,3.55174,1.01922
0.969243,1.73477,3.55174,1.01922
0.970032,1.73956,3.56314,1.02013
0.97082,1.73956,3.56314,1.02013
0.971609,1.73956,3.56314,1.02013
0.972397,1.73956,3.56314,1.02013
0.973186,1.74436,3.57457,1.02104
0.973975,1.74436,3.57457,1.02104
0.974763,1.74436,3.57457,1.02104
0.975552,1.74436,3.57457,1.02104
0.976341,1.74919,3.58602,1.02197
0.977129,1.74919,3.58602,1.02197
0.977918,1.74919,3.58602,1.02197
0.978707,1.74919,3.58602,1.02197
0.979495,1.75403,3.59752,1.0229
0.980284,1.75403,3.59752,1.0229
0.981073,1.75403,3.59752,1.0229
0.981861,1.75403,3.59752,1.0229
0.98265,1.75888,3.60904,1.02385
0.983438,1.75888,3.60904,1.02385
0.984227,1.75888,3.60904,1.02385
0.985016,1.75888,3.60904,1.02385
0.985804,1.76376,3.62059,1.0248
0.986593,1.76376,3.62059,1.0248
0.987382,1.76376,3.62059,1.0248
0.98817,1.76376,3.62059,1.0248
0.988959,1.76865,3.63217,1.02576
0.989748,1.76865,3.63217,1.02576
0.990536,1.76865,3.63217,1.02576
0.991325,1.76865,3.63217,1.02576
0.992114,1.77356,3.64379,1.02674
0.992902,1.77356,3.64379,1.02674
0.993691,1.77356,3.64379,1.02674
0.994479,1.77356,3.64379,1.02674
0.995268,1.77849,3.65543,1.02772
0.996057,1.77849,3.65543,1.02772
0.996845,1.77849,3.65543,1.02772
0.997634,1.77849,3.65543,1.02772
0.998423,1.77962,3.65809,1.02794
0.999211,1.77962,3.65809,1.02794
1,1.77962,3.65809,1.02794
